Category,Title
Tech,Government to Invest in Semiconductor Manufacturing Units
Politics,Supreme Court to Hear Case on Electoral Bonds Controversy
Entertainment,Legendary Singer Receives Bharat Ratna for Lifetime Achievement
Misc,India’s First Hyperloop Project Gets Green Signal from Government
Entertainment,Bollywood Blockbuster Breaks Box Office Records on Opening Weekend
Entertainment,Karan Johar Confirms Sequel to Iconic Bollywood Love Story
Misc,India’s First Hyperloop Project Gets Green Signal from Government
Tech,Meta Announces Major Hiring Plans for Its India Operations
Entertainment,Oscar Buzz: Indian Documentary Shortlisted for Best Feature
Politics,ED Raids Prominent Politician's Residence in Money Laundering Probe
Sports,"Virat Kohli Smashes Century, Leads India to Historic Test Win"
Tech,Government Unveils AI Policy to Boost Startup Ecosystem
Politics,State Government Announces Free Healthcare for Poor
Tech,Meta Announces Major Hiring Plans for Its India Operations
Sports,"Virat Kohli Smashes Century, Leads India to Historic Test Win"
Politics,New Citizenship Amendment Bill Sparks Nationwide Debates
Tech,"Apple to Expand Manufacturing in India, Plans New Factory"
Sports,"Virat Kohli Smashes Century, Leads India to Historic Test Win"
Sports,"Virat Kohli Smashes Century, Leads India to Historic Test Win"
Misc,India’s First Hyperloop Project Gets Green Signal from Government
Sports,Neeraj Chopra Sets New Javelin Record at Asian Games
Misc,"Mumbai Faces Record Rainfall, City Comes to a Standstill"
Tech,Government Unveils AI Policy to Boost Startup Ecosystem
Sports,India Clinches T20 Series Victory Against Australia in Thrilling Finale
Entertainment,Tollywood Star Announces Directorial Debut
Misc,Record-Breaking Heatwave Grips Northern India
Politics,Government Announces Major Tax Reforms in Union Budget
Entertainment,Legendary Singer Receives Bharat Ratna for Lifetime Achievement
Misc,Rare Meteor Shower Visible Across Indian Skies This Week
Misc,"Mumbai Faces Record Rainfall, City Comes to a Standstill"
Tech,"Apple to Expand Manufacturing in India, Plans New Factory"
Misc,Record-Breaking Heatwave Grips Northern India
Entertainment,Netflix to Produce Exclusive Indian Web Series with Top Directors
Tech,"Apple to Expand Manufacturing in India, Plans New Factory"
Sports,Neeraj Chopra Sets New Javelin Record at Asian Games
Entertainment,OTT Boom: Indian Series Dominate Global Streaming Charts
Entertainment,Oscar Buzz: Indian Documentary Shortlisted for Best Feature
Entertainment,Tollywood Star Announces Directorial Debut
Politics,New Citizenship Amendment Bill Sparks Nationwide Debates
Misc,India’s First Hyperloop Project Gets Green Signal from Government
Tech,"Indian IT Companies Lead in AI Innovations, Says Report"
Tech,"Indian IT Companies Lead in AI Innovations, Says Report"
Politics,Supreme Court to Hear Case on Electoral Bonds Controversy
Entertainment,Legendary Singer Receives Bharat Ratna for Lifetime Achievement
Entertainment,Bollywood Blockbuster Breaks Box Office Records on Opening Weekend
Tech,"Apple to Expand Manufacturing in India, Plans New Factory"
Politics,Supreme Court to Hear Case on Electoral Bonds Controversy
Sports,India Clinches T20 Series Victory Against Australia in Thrilling Finale
Tech,ISRO Successfully Launches New Satellite for Rural Connectivity
Misc,Mystery Illness Outbreak in Kerala Under Investigation
Tech,Government Unveils AI Policy to Boost Startup Ecosystem
Sports,India Clinches T20 Series Victory Against Australia in Thrilling Finale
Tech,Government Unveils AI Policy to Boost Startup Ecosystem
Politics,Lok Sabha Elections 2025: Exit Polls Predict Tight Contest
Misc,Delhi to Ban Diesel Cars from 2030 to Combat Pollution
Politics,Opposition Parties Form Alliance Ahead of State Elections
Sports,India Clinches T20 Series Victory Against Australia in Thrilling Finale
Tech,"Indian IT Companies Lead in AI Innovations, Says Report"
Politics,Parliament Passes Landmark Data Protection Bill
Entertainment,Netflix to Produce Exclusive Indian Web Series with Top Directors
Sports,India Bags Record Number of Medals at Asian Athletics Championship
Sports,Indian Chess Prodigy Becomes Youngest Grandmaster
Misc,Rare Meteor Shower Visible Across Indian Skies This Week
Sports,"Virat Kohli Smashes Century, Leads India to Historic Test Win"
Sports,Indian Women's Hockey Team Qualifies for Paris Olympics
Entertainment,Rajinikanth’s New Film Becomes Highest Grossing Tamil Movie Ever
Politics,Lok Sabha Elections 2025: Exit Polls Predict Tight Contest
Politics,ED Raids Prominent Politician's Residence in Money Laundering Probe
Politics,Opposition Parties Form Alliance Ahead of State Elections
Politics,PM Modi Launches New Initiative for Rural Employment
Tech,ISRO Successfully Launches New Satellite for Rural Connectivity
Tech,Government Unveils AI Policy to Boost Startup Ecosystem
Tech,Government to Invest in Semiconductor Manufacturing Units
Entertainment,Remake of Classic Bollywood Film Fails to Impress Critics
Sports,India Clinches T20 Series Victory Against Australia in Thrilling Finale
Politics,India to Host G20 Summit with Global Leaders in Attendance
Tech,"Apple to Expand Manufacturing in India, Plans New Factory"
Politics,New Citizenship Amendment Bill Sparks Nationwide Debates
Tech,"Indian IT Companies Lead in AI Innovations, Says Report"
Misc,"Mumbai Faces Record Rainfall, City Comes to a Standstill"
Entertainment,Rajinikanth’s New Film Becomes Highest Grossing Tamil Movie Ever
Misc,"Mumbai Faces Record Rainfall, City Comes to a Standstill"
Sports,ISL 2025: Kerala Blasters Stun Mumbai City with Last-Minute Goal
Sports,India Bags Record Number of Medals at Asian Athletics Championship
Tech,India Surpasses 1 Billion Internet Users: TRAI Report
Misc,Researchers Discover Ancient Temple Ruins in Odisha
Misc,"Mumbai Faces Record Rainfall, City Comes to a Standstill"
Sports,ISL 2025: Kerala Blasters Stun Mumbai City with Last-Minute Goal
Sports,PV Sindhu Advances to All England Open Finals
Tech,Government Unveils AI Policy to Boost Startup Ecosystem
Politics,Supreme Court to Hear Case on Electoral Bonds Controversy
Sports,ISL 2025: Kerala Blasters Stun Mumbai City with Last-Minute Goal
Sports,India Bags Record Number of Medals at Asian Athletics Championship
Entertainment,Karan Johar Confirms Sequel to Iconic Bollywood Love Story
Politics,Lok Sabha Elections 2025: Exit Polls Predict Tight Contest
Misc,New Law to Regulate Online Gaming Industry in India
Misc,New Law to Regulate Online Gaming Industry in India
Entertainment,OTT Boom: Indian Series Dominate Global Streaming Charts
Politics,Supreme Court to Hear Case on Electoral Bonds Controversy
Entertainment,Controversial Biopic on Freedom Fighter Sparks Debates
